-- estado_producto
INSERT INTO estado_producto (id_estado_producto, nombre_estado) VALUES
  (1, 'activo'),
  (2, 'bloqueado'),
  (3, 'cancelado');

-- estado_transaccion
INSERT INTO estado_transaccion (id_estado_transaccion, nombre_estado) VALUES
  (1, 'pendiente'),
  (2, 'aplicada'),
  (3, 'rechazada'),
  (4, 'reversada');

-- canal
INSERT INTO canal (id_canal, nombre, descripcion) VALUES
  (1, 'web', 'Portal web'),
  (2, 'app', 'Aplicacion movil'),
  (3, 'cajero', 'Cajero automatico'),
  (4, 'oficina', 'Oficina bancaria');

-- estado_alerta
INSERT INTO estado_alerta (id_estado_alerta, nombre_estado) VALUES
  (1, 'abierta'),
  (2, 'en_revision'),
  (3, 'cerrada');

-- cliente
INSERT INTO cliente (id_cliente, tipo_documento, numero_documento, nombres, apellidos, direccion_principal, ciudad, telefono, email, estado_cliente, fecha_alta) VALUES
  (1, 'CC', '10000001', 'Juan', 'López', 'Calle 1 # 11-21', 'Medellín', '3005550001', 'juan.lopez@correo.com', 'bloqueado', '2024-02-02'),
  (2, 'CC', '10000002', 'María', 'Sánchez', 'Calle 2 # 12-22', 'Cali', '3005550002', 'maría.sanchez@correo.com', 'investigacion', '2024-03-03'),
  (3, 'CC', '10000003', 'Carlos', 'Flores', 'Calle 3 # 13-23', 'Barranquilla', '3005550003', 'carlos.flores@correo.com', 'activo', '2024-04-04'),
  (4, 'CC', '10000004', 'Ana', 'Morales', 'Calle 4 # 14-24', 'Cartagena', '3005550004', 'ana.morales@correo.com', 'bloqueado', '2024-05-05'),
  (5, 'CC', '10000005', 'Luis', 'Castro', 'Calle 5 # 15-25', 'Bucaramanga', '3005550005', 'luis.castro@correo.com', 'investigacion', '2024-06-06'),
  (6, 'CC', '10000006', 'Laura', 'Silva', 'Calle 6 # 16-26', 'Pereira', '3005550006', 'laura.silva@correo.com', 'activo', '2024-07-07'),
  (7, 'CC', '10000007', 'Pedro', 'Medina', 'Calle 7 # 17-27', 'Manizales', '3005550007', 'pedro.medina@correo.com', 'bloqueado', '2024-08-08'),
  (8, 'CC', '10000008', 'Sofía', 'Jiménez', 'Calle 8 # 18-28', 'Tunja', '3005550008', 'sofía.jimenez@correo.com', 'investigacion', '2024-09-09'),
  (9, 'CC', '10000009', 'Andrés', 'Navarro', 'Calle 9 # 19-29', 'Villavicencio', '3005550009', 'andrés.navarro@correo.com', 'activo', '2024-10-10'),
  (10, 'CC', '10000010', 'Valentina', 'Acosta', 'Calle 10 # 20-30', 'Bogotá', '3005550010', 'valentina.acosta@correo.com', 'bloqueado', '2024-11-11'),
  (11, 'CC', '10000011', 'Camilo', 'Cabrera', 'Calle 11 # 21-31', 'Medellín', '3005550011', 'camilo.cabrera@correo.com', 'investigacion', '2024-12-12'),
  (12, 'CC', '10000012', 'Daniela', 'Valencia', 'Calle 12 # 22-32', 'Cali', '3005550012', 'daniela.valencia@correo.com', 'activo', '2024-01-13'),
  (13, 'CC', '10000013', 'Diego', 'Beltrán', 'Calle 13 # 23-33', 'Barranquilla', '3005550013', 'diego.beltran@correo.com', 'bloqueado', '2024-02-14'),
  (14, 'CC', '10000014', 'Paula', 'Cepeda', 'Calle 14 # 24-34', 'Cartagena', '3005550014', 'paula.cepeda@correo.com', 'investigacion', '2024-03-15'),
  (15, 'CC', '10000015', 'Julián', 'Trujillo', 'Calle 15 # 25-35', 'Bucaramanga', '3005550015', 'julián.trujillo@correo.com', 'activo', '2024-04-16'),
  (16, 'CC', '10000016', 'Natalia', 'Peña', 'Calle 16 # 26-36', 'Pereira', '3005550016', 'natalia.pena@correo.com', 'bloqueado', '2024-05-17'),
  (17, 'CC', '10000017', 'Miguel', 'Rodríguez', 'Calle 17 # 27-37', 'Manizales', '3005550017', 'miguel.rodriguez@correo.com', 'investigacion', '2024-06-18'),
  (18, 'CC', '10000018', 'Sara', 'Gómez', 'Calle 18 # 28-38', 'Tunja', '3005550018', 'sara.gomez@correo.com', 'activo', '2024-07-19'),
  (19, 'CC', '10000019', 'Felipe', 'Ramírez', 'Calle 19 # 29-39', 'Villavicencio', '3005550019', 'felipe.ramirez@correo.com', 'bloqueado', '2024-08-20'),
  (20, 'CC', '10000020', 'Carolina', 'Rivera', 'Calle 20 # 30-40', 'Bogotá', '3005550020', 'carolina.rivera@correo.com', 'investigacion', '2024-09-21'),
  (21, 'CC', '10000021', 'David', 'Ortiz', 'Calle 21 # 31-41', 'Medellín', '3005550021', 'david.ortiz@correo.com', 'activo', '2024-10-22'),
  (22, 'CC', '10000022', 'Alejandra', 'Rojas', 'Calle 22 # 32-42', 'Cali', '3005550022', 'alejandra.rojas@correo.com', 'bloqueado', '2024-11-23'),
  (23, 'CC', '10000023', 'Sebastián', 'Herrera', 'Calle 23 # 33-43', 'Barranquilla', '3005550023', 'sebastián.herrera@correo.com', 'investigacion', '2024-12-24'),
  (24, 'CC', '10000024', 'Tatiana', 'Cruz', 'Calle 24 # 34-44', 'Cartagena', '3005550024', 'tatiana.cruz@correo.com', 'activo', '2024-01-25'),
  (25, 'CC', '10000025', 'Mateo', 'Arias', 'Calle 25 # 35-45', 'Bucaramanga', '3005550025', 'mateo.arias@correo.com', 'bloqueado', '2024-02-26'),
  (26, 'CC', '10000026', 'Diana', 'Suárez', 'Calle 26 # 36-46', 'Pereira', '3005550026', 'diana.suarez@correo.com', 'investigacion', '2024-03-27'),
  (27, 'CC', '10000027', 'Nicolás', 'Parra', 'Calle 27 # 37-47', 'Manizales', '3005550027', 'nicolás.parra@correo.com', 'activo', '2024-04-01'),
  (28, 'CC', '10000028', 'Karen', 'Mora', 'Calle 28 # 38-48', 'Tunja', '3005550028', 'karen.mora@correo.com', 'bloqueado', '2024-05-02'),
  (29, 'CC', '10000029', 'Santiago', 'Ospina', 'Calle 29 # 39-49', 'Villavicencio', '3005550029', 'santiago.ospina@correo.com', 'investigacion', '2024-06-03'),
  (30, 'CC', '10000030', 'Lorena', 'Barrera', 'Calle 30 # 40-50', 'Bogotá', '3005550030', 'lorena.barrera@correo.com', 'activo', '2024-07-04'),
  (31, 'CC', '10000031', 'Samuel', 'Aguilar', 'Calle 31 # 41-51', 'Medellín', '3005550031', 'samuel.aguilar@correo.com', 'bloqueado', '2024-08-05'),
  (32, 'CC', '10000032', 'Adriana', 'Becerra', 'Calle 32 # 42-52', 'Cali', '3005550032', 'adriana.becerra@correo.com', 'investigacion', '2024-09-06'),
  (33, 'CC', '10000033', 'Tomás', 'Ardila', 'Calle 33 # 43-53', 'Barranquilla', '3005550033', 'tomás.ardila@correo.com', 'activo', '2024-10-07'),
  (34, 'CC', '10000034', 'Mónica', 'Martínez', 'Calle 34 # 44-54', 'Cartagena', '3005550034', 'mónica.martinez@correo.com', 'bloqueado', '2024-11-08'),
  (35, 'CC', '10000035', 'Emilio', 'Pérez', 'Calle 35 # 45-55', 'Bucaramanga', '3005550035', 'emilio.perez@correo.com', 'investigacion', '2024-12-09'),
  (36, 'CC', '10000036', 'Yulieth', 'Torres', 'Calle 36 # 46-56', 'Pereira', '3005550036', 'yulieth.torres@correo.com', 'activo', '2024-01-10'),
  (37, 'CC', '10000037', 'Kevin', 'Díaz', 'Calle 37 # 47-57', 'Manizales', '3005550037', 'kevin.diaz@correo.com', 'bloqueado', '2024-02-11'),
  (38, 'CC', '10000038', 'Viviana', 'Vargas', 'Calle 38 # 48-58', 'Tunja', '3005550038', 'viviana.vargas@correo.com', 'investigacion', '2024-03-12'),
  (39, 'CC', '10000039', 'Esteban', 'Mendoza', 'Calle 39 # 49-59', 'Villavicencio', '3005550039', 'esteban.mendoza@correo.com', 'activo', '2024-04-13'),
  (40, 'CC', '10000040', 'Angélica', 'Ruiz', 'Calle 40 # 50-60', 'Bogotá', '3005550040', 'angélica.ruiz@correo.com', 'bloqueado', '2024-05-14'),
  (41, 'CC', '10000041', 'Jhon', 'Reyes', 'Calle 41 # 51-61', 'Medellín', '3005550041', 'jhon.reyes@correo.com', 'investigacion', '2024-06-15'),
  (42, 'CC', '10000042', 'Katherine', 'Cardenas', 'Calle 42 # 52-62', 'Cali', '3005550042', 'katherine.cardenas@correo.com', 'activo', '2024-07-16'),
  (43, 'CC', '10000043', 'Mauricio', 'Romero', 'Calle 43 # 53-63', 'Barranquilla', '3005550043', 'mauricio.romero@correo.com', 'bloqueado', '2024-08-17'),
  (44, 'CC', '10000044', 'Melissa', 'Bautista', 'Calle 44 # 54-64', 'Cartagena', '3005550044', 'melissa.bautista@correo.com', 'investigacion', '2024-09-18'),
  (45, 'CC', '10000045', 'Cristian', 'Pineda', 'Calle 45 # 55-65', 'Bucaramanga', '3005550045', 'cristian.pineda@correo.com', 'activo', '2024-10-19'),
  (46, 'CC', '10000046', 'Johanna', 'Salazar', 'Calle 46 # 56-66', 'Pereira', '3005550046', 'johanna.salazar@correo.com', 'bloqueado', '2024-11-20'),
  (47, 'CC', '10000047', 'Oscar', 'Forero', 'Calle 47 # 57-67', 'Manizales', '3005550047', 'oscar.forero@correo.com', 'investigacion', '2024-12-21'),
  (48, 'CC', '10000048', 'Liliana', 'Quintero', 'Calle 48 # 58-68', 'Tunja', '3005550048', 'liliana.quintero@correo.com', 'activo', '2024-01-22'),
  (49, 'CC', '10000049', 'Ricardo', 'León', 'Calle 49 # 59-69', 'Villavicencio', '3005550049', 'ricardo.leon@correo.com', 'bloqueado', '2024-02-23'),
  (50, 'CC', '10000050', 'Andrea', 'García', 'Calle 50 # 60-70', 'Bogotá', '3005550050', 'andrea.garcia@correo.com', 'investigacion', '2024-03-24');

-- empleado
INSERT INTO empleado (id_empleado, nombres, apellidos, cargo, estado_empleado, fecha_alta) VALUES
  (1, 'Andrés', 'Morales', 'Cajero', 'inactivo', '2023-02-02'),
  (2, 'Valentina', 'Ortiz', 'Asesor', 'suspendido', '2023-03-03'),
  (3, 'Camilo', 'Vargas', 'Supervisor', 'activo', '2023-04-04'),
  (4, 'Daniela', 'Castro', 'Coordinador cumplimiento', 'inactivo', '2023-05-05'),
  (5, 'Diego', 'Rojas', 'Oficial riesgo', 'suspendido', '2023-06-06'),
  (6, 'Paula', 'Mendoza', 'Gestor productos', 'activo', '2023-07-07'),
  (7, 'Julián', 'Silva', 'Backoffice', 'inactivo', '2023-08-08'),
  (8, 'Natalia', 'Herrera', 'Analista fraude', 'suspendido', '2023-09-09'),
  (9, 'Miguel', 'Ruiz', 'Cajero', 'activo', '2023-10-10'),
  (10, 'Sara', 'Medina', 'Asesor', 'inactivo', '2023-11-11'),
  (11, 'Felipe', 'Cruz', 'Supervisor', 'suspendido', '2023-12-12'),
  (12, 'Carolina', 'Reyes', 'Coordinador cumplimiento', 'activo', '2023-01-13'),
  (13, 'David', 'Jiménez', 'Oficial riesgo', 'inactivo', '2023-02-14'),
  (14, 'Alejandra', 'Arias', 'Gestor productos', 'suspendido', '2023-03-15'),
  (15, 'Sebastián', 'Cardenas', 'Backoffice', 'activo', '2023-04-16'),
  (16, 'Tatiana', 'Navarro', 'Analista fraude', 'inactivo', '2023-05-17'),
  (17, 'Mateo', 'Suárez', 'Cajero', 'suspendido', '2023-06-18'),
  (18, 'Diana', 'Romero', 'Asesor', 'activo', '2023-07-19'),
  (19, 'Nicolás', 'Acosta', 'Supervisor', 'inactivo', '2023-08-20'),
  (20, 'Karen', 'Parra', 'Coordinador cumplimiento', 'suspendido', '2023-09-21'),
  (21, 'Santiago', 'Bautista', 'Oficial riesgo', 'activo', '2023-10-22'),
  (22, 'Lorena', 'Cabrera', 'Gestor productos', 'inactivo', '2023-11-23'),
  (23, 'Samuel', 'Mora', 'Backoffice', 'suspendido', '2023-12-24'),
  (24, 'Adriana', 'Pineda', 'Analista fraude', 'activo', '2023-01-25'),
  (25, 'Tomás', 'Valencia', 'Cajero', 'inactivo', '2023-02-26'),
  (26, 'Mónica', 'Ospina', 'Asesor', 'suspendido', '2023-03-27'),
  (27, 'Emilio', 'Salazar', 'Supervisor', 'activo', '2023-04-01'),
  (28, 'Yulieth', 'Beltrán', 'Coordinador cumplimiento', 'inactivo', '2023-05-02'),
  (29, 'Kevin', 'Barrera', 'Oficial riesgo', 'suspendido', '2023-06-03'),
  (30, 'Viviana', 'Forero', 'Gestor productos', 'activo', '2023-07-04'),
  (31, 'Esteban', 'Cepeda', 'Backoffice', 'inactivo', '2023-08-05'),
  (32, 'Angélica', 'Aguilar', 'Analista fraude', 'suspendido', '2023-09-06'),
  (33, 'Jhon', 'Quintero', 'Cajero', 'activo', '2023-10-07'),
  (34, 'Katherine', 'Trujillo', 'Asesor', 'inactivo', '2023-11-08'),
  (35, 'Mauricio', 'Becerra', 'Supervisor', 'suspendido', '2023-12-09'),
  (36, 'Melissa', 'León', 'Coordinador cumplimiento', 'activo', '2023-01-10'),
  (37, 'Cristian', 'Peña', 'Oficial riesgo', 'inactivo', '2023-02-11'),
  (38, 'Johanna', 'Ardila', 'Gestor productos', 'suspendido', '2023-03-12'),
  (39, 'Oscar', 'García', 'Backoffice', 'activo', '2023-04-13'),
  (40, 'Liliana', 'Rodríguez', 'Analista fraude', 'inactivo', '2023-05-14'),
  (41, 'Ricardo', 'Martínez', 'Cajero', 'suspendido', '2023-06-15'),
  (42, 'Andrea', 'López', 'Asesor', 'activo', '2023-07-16'),
  (43, 'Juan', 'Gómez', 'Supervisor', 'inactivo', '2023-08-17'),
  (44, 'María', 'Pérez', 'Coordinador cumplimiento', 'suspendido', '2023-09-18'),
  (45, 'Carlos', 'Sánchez', 'Oficial riesgo', 'activo', '2023-10-19'),
  (46, 'Ana', 'Ramírez', 'Gestor productos', 'inactivo', '2023-11-20'),
  (47, 'Luis', 'Torres', 'Backoffice', 'suspendido', '2023-12-21'),
  (48, 'Laura', 'Flores', 'Analista fraude', 'activo', '2023-01-22'),
  (49, 'Pedro', 'Rivera', 'Cajero', 'inactivo', '2023-02-23'),
  (50, 'Sofía', 'Díaz', 'Asesor', 'suspendido', '2023-03-24');

-- regla_fraude
INSERT INTO regla_fraude (id_regla, nombre, tipo_regla, umbral, ventana_minutos, max_intentos, activa) VALUES
  (1, 'Regla 01 frecuencia', 'frecuencia', 1000000, 10, 3, true),
  (2, 'Regla 02 intentos_fallidos', 'intentos_fallidos', NULL, 15, 5, true),
  (3, 'Regla 03 canal_inusual', 'canal_inusual', 2000000, 20, 5, true),
  (4, 'Regla 04 multiples_destinos', 'multiples_destinos', 2500000, 30, 6, true),
  (5, 'Regla 05 monto_umbral', 'monto_umbral', 500000, 5, 2, true),
  (6, 'Regla 06 frecuencia', 'frecuencia', 1000000, 10, 3, false),
  (7, 'Regla 07 intentos_fallidos', 'intentos_fallidos', NULL, 15, 5, true),
  (8, 'Regla 08 canal_inusual', 'canal_inusual', 2000000, 20, 5, true),
  (9, 'Regla 09 multiples_destinos', 'multiples_destinos', 2500000, 30, 6, true),
  (10, 'Regla 10 monto_umbral', 'monto_umbral', 500000, 5, 2, true),
  (11, 'Regla 11 frecuencia', 'frecuencia', 1000000, 10, 3, true),
  (12, 'Regla 12 intentos_fallidos', 'intentos_fallidos', NULL, 15, 5, false),
  (13, 'Regla 13 canal_inusual', 'canal_inusual', 2000000, 20, 5, true),
  (14, 'Regla 14 multiples_destinos', 'multiples_destinos', 2500000, 30, 6, true),
  (15, 'Regla 15 monto_umbral', 'monto_umbral', 500000, 5, 2, true),
  (16, 'Regla 16 frecuencia', 'frecuencia', 1000000, 10, 3, true),
  (17, 'Regla 17 intentos_fallidos', 'intentos_fallidos', NULL, 15, 5, true),
  (18, 'Regla 18 canal_inusual', 'canal_inusual', 2000000, 20, 5, false),
  (19, 'Regla 19 multiples_destinos', 'multiples_destinos', 2500000, 30, 6, true),
  (20, 'Regla 20 monto_umbral', 'monto_umbral', 500000, 5, 2, true),
  (21, 'Regla 21 frecuencia', 'frecuencia', 1000000, 10, 3, true),
  (22, 'Regla 22 intentos_fallidos', 'intentos_fallidos', NULL, 15, 5, true),
  (23, 'Regla 23 canal_inusual', 'canal_inusual', 2000000, 20, 5, true),
  (24, 'Regla 24 multiples_destinos', 'multiples_destinos', 2500000, 30, 6, false),
  (25, 'Regla 25 monto_umbral', 'monto_umbral', 500000, 5, 2, true),
  (26, 'Regla 26 frecuencia', 'frecuencia', 1000000, 10, 3, true),
  (27, 'Regla 27 intentos_fallidos', 'intentos_fallidos', NULL, 15, 5, true),
  (28, 'Regla 28 canal_inusual', 'canal_inusual', 2000000, 20, 5, true),
  (29, 'Regla 29 multiples_destinos', 'multiples_destinos', 2500000, 30, 6, true),
  (30, 'Regla 30 monto_umbral', 'monto_umbral', 500000, 5, 2, false),
  (31, 'Regla 31 frecuencia', 'frecuencia', 1000000, 10, 3, true),
  (32, 'Regla 32 intentos_fallidos', 'intentos_fallidos', NULL, 15, 5, true),
  (33, 'Regla 33 canal_inusual', 'canal_inusual', 2000000, 20, 5, true),
  (34, 'Regla 34 multiples_destinos', 'multiples_destinos', 2500000, 30, 6, true),
  (35, 'Regla 35 monto_umbral', 'monto_umbral', 500000, 5, 2, true),
  (36, 'Regla 36 frecuencia', 'frecuencia', 1000000, 10, 3, false),
  (37, 'Regla 37 intentos_fallidos', 'intentos_fallidos', NULL, 15, 5, true),
  (38, 'Regla 38 canal_inusual', 'canal_inusual', 2000000, 20, 5, true),
  (39, 'Regla 39 multiples_destinos', 'multiples_destinos', 2500000, 30, 6, true),
  (40, 'Regla 40 monto_umbral', 'monto_umbral', 500000, 5, 2, true),
  (41, 'Regla 41 frecuencia', 'frecuencia', 1000000, 10, 3, true),
  (42, 'Regla 42 intentos_fallidos', 'intentos_fallidos', NULL, 15, 5, false),
  (43, 'Regla 43 canal_inusual', 'canal_inusual', 2000000, 20, 5, true),
  (44, 'Regla 44 multiples_destinos', 'multiples_destinos', 2500000, 30, 6, true),
  (45, 'Regla 45 monto_umbral', 'monto_umbral', 500000, 5, 2, true),
  (46, 'Regla 46 frecuencia', 'frecuencia', 1000000, 10, 3, true),
  (47, 'Regla 47 intentos_fallidos', 'intentos_fallidos', NULL, 15, 5, true),
  (48, 'Regla 48 canal_inusual', 'canal_inusual', 2000000, 20, 5, false),
  (49, 'Regla 49 multiples_destinos', 'multiples_destinos', 2500000, 30, 6, true),
  (50, 'Regla 50 monto_umbral', 'monto_umbral', 500000, 5, 2, true);

-- producto_financiero
INSERT INTO producto_financiero (id_producto, id_cliente, id_estado_producto, numero_producto, fecha_creacion) VALUES
  (1, 1, 1, 'PF-000001', '2024-01-01'),
  (2, 2, 1, 'PF-000002', '2024-02-02'),
  (3, 3, 1, 'PF-000003', '2024-03-03'),
  (4, 4, 1, 'PF-000004', '2024-04-04'),
  (5, 5, 1, 'PF-000005', '2024-05-05'),
  (6, 6, 1, 'PF-000006', '2024-06-06'),
  (7, 7, 2, 'PF-000007', '2024-07-07'),
  (8, 8, 1, 'PF-000008', '2024-08-08'),
  (9, 9, 1, 'PF-000009', '2024-09-09'),
  (10, 10, 3, 'PF-000010', '2024-10-10'),
  (11, 11, 1, 'PF-000011', '2024-11-11'),
  (12, 12, 1, 'PF-000012', '2024-12-12'),
  (13, 13, 1, 'PF-000013', '2024-01-13'),
  (14, 14, 1, 'PF-000014', '2024-02-14'),
  (15, 15, 1, 'PF-000015', '2024-03-15'),
  (16, 16, 1, 'PF-000016', '2024-04-16'),
  (17, 17, 2, 'PF-000017', '2024-05-17'),
  (18, 18, 1, 'PF-000018', '2024-06-18'),
  (19, 19, 1, 'PF-000019', '2024-07-19'),
  (20, 20, 3, 'PF-000020', '2024-08-20'),
  (21, 21, 1, 'PF-000021', '2024-09-21'),
  (22, 22, 1, 'PF-000022', '2024-10-22'),
  (23, 23, 1, 'PF-000023', '2024-11-23'),
  (24, 24, 1, 'PF-000024', '2024-12-24'),
  (25, 25, 1, 'PF-000025', '2024-01-25'),
  (26, 26, 1, 'PF-000026', '2024-02-26'),
  (27, 27, 2, 'PF-000027', '2024-03-27'),
  (28, 28, 1, 'PF-000028', '2024-04-01'),
  (29, 29, 1, 'PF-000029', '2024-05-02'),
  (30, 30, 3, 'PF-000030', '2024-06-03'),
  (31, 31, 1, 'PF-000031', '2024-07-04'),
  (32, 32, 1, 'PF-000032', '2024-08-05'),
  (33, 33, 1, 'PF-000033', '2024-09-06'),
  (34, 34, 1, 'PF-000034', '2024-10-07'),
  (35, 35, 1, 'PF-000035', '2024-11-08'),
  (36, 36, 1, 'PF-000036', '2024-12-09'),
  (37, 37, 2, 'PF-000037', '2024-01-10'),
  (38, 38, 1, 'PF-000038', '2024-02-11'),
  (39, 39, 1, 'PF-000039', '2024-03-12'),
  (40, 40, 3, 'PF-000040', '2024-04-13'),
  (41, 41, 1, 'PF-000041', '2024-05-14'),
  (42, 42, 1, 'PF-000042', '2024-06-15'),
  (43, 43, 1, 'PF-000043', '2024-07-16'),
  (44, 44, 1, 'PF-000044', '2024-08-17'),
  (45, 45, 1, 'PF-000045', '2024-09-18'),
  (46, 46, 1, 'PF-000046', '2024-10-19'),
  (47, 47, 2, 'PF-000047', '2024-11-20'),
  (48, 48, 1, 'PF-000048', '2024-12-21'),
  (49, 49, 1, 'PF-000049', '2024-01-22'),
  (50, 50, 3, 'PF-000050', '2024-02-23'),
  (51, 1, 1, 'PF-000051', '2024-03-24'),
  (52, 2, 1, 'PF-000052', '2024-04-25'),
  (53, 3, 1, 'PF-000053', '2024-05-26'),
  (54, 4, 1, 'PF-000054', '2024-06-27'),
  (55, 5, 1, 'PF-000055', '2024-07-01'),
  (56, 6, 1, 'PF-000056', '2024-08-02'),
  (57, 7, 2, 'PF-000057', '2024-09-03'),
  (58, 8, 1, 'PF-000058', '2024-10-04'),
  (59, 9, 1, 'PF-000059', '2024-11-05'),
  (60, 10, 3, 'PF-000060', '2024-12-06'),
  (61, 11, 1, 'PF-000061', '2024-01-07'),
  (62, 12, 1, 'PF-000062', '2024-02-08'),
  (63, 13, 1, 'PF-000063', '2024-03-09'),
  (64, 14, 1, 'PF-000064', '2024-04-10'),
  (65, 15, 1, 'PF-000065', '2024-05-11'),
  (66, 16, 1, 'PF-000066', '2024-06-12'),
  (67, 17, 2, 'PF-000067', '2024-07-13'),
  (68, 18, 1, 'PF-000068', '2024-08-14'),
  (69, 19, 1, 'PF-000069', '2024-09-15'),
  (70, 20, 3, 'PF-000070', '2024-10-16'),
  (71, 21, 1, 'PF-000071', '2024-11-17'),
  (72, 22, 1, 'PF-000072', '2024-12-18'),
  (73, 23, 1, 'PF-000073', '2024-01-19'),
  (74, 24, 1, 'PF-000074', '2024-02-20'),
  (75, 25, 1, 'PF-000075', '2024-03-21'),
  (76, 26, 1, 'PF-000076', '2024-04-22'),
  (77, 27, 2, 'PF-000077', '2024-05-23'),
  (78, 28, 1, 'PF-000078', '2024-06-24'),
  (79, 29, 1, 'PF-000079', '2024-07-25'),
  (80, 30, 3, 'PF-000080', '2024-08-26'),
  (81, 31, 1, 'PF-000081', '2024-09-27'),
  (82, 32, 1, 'PF-000082', '2024-10-01'),
  (83, 33, 1, 'PF-000083', '2024-11-02'),
  (84, 34, 1, 'PF-000084', '2024-12-03'),
  (85, 35, 1, 'PF-000085', '2024-01-04'),
  (86, 36, 1, 'PF-000086', '2024-02-05'),
  (87, 37, 2, 'PF-000087', '2024-03-06'),
  (88, 38, 1, 'PF-000088', '2024-04-07'),
  (89, 39, 1, 'PF-000089', '2024-05-08'),
  (90, 40, 3, 'PF-000090', '2024-06-09'),
  (91, 41, 1, 'PF-000091', '2024-07-10'),
  (92, 42, 1, 'PF-000092', '2024-08-11'),
  (93, 43, 1, 'PF-000093', '2024-09-12'),
  (94, 44, 1, 'PF-000094', '2024-10-13'),
  (95, 45, 1, 'PF-000095', '2024-11-14'),
  (96, 46, 1, 'PF-000096', '2024-12-15'),
  (97, 47, 2, 'PF-000097', '2024-01-16'),
  (98, 48, 1, 'PF-000098', '2024-02-17'),
  (99, 49, 1, 'PF-000099', '2024-03-18'),
  (100, 50, 3, 'PF-000100', '2024-04-19'),
  (101, 1, 1, 'PF-000101', '2024-05-20'),
  (102, 2, 1, 'PF-000102', '2024-06-21'),
  (103, 3, 1, 'PF-000103', '2024-07-22'),
  (104, 4, 1, 'PF-000104', '2024-08-23'),
  (105, 5, 1, 'PF-000105', '2024-09-24'),
  (106, 6, 1, 'PF-000106', '2024-10-25'),
  (107, 7, 2, 'PF-000107', '2024-11-26'),
  (108, 8, 1, 'PF-000108', '2024-12-27'),
  (109, 9, 1, 'PF-000109', '2024-01-01'),
  (110, 10, 3, 'PF-000110', '2024-02-02'),
  (111, 11, 1, 'PF-000111', '2024-03-03'),
  (112, 12, 1, 'PF-000112', '2024-04-04'),
  (113, 13, 1, 'PF-000113', '2024-05-05'),
  (114, 14, 1, 'PF-000114', '2024-06-06'),
  (115, 15, 1, 'PF-000115', '2024-07-07'),
  (116, 16, 1, 'PF-000116', '2024-08-08'),
  (117, 17, 2, 'PF-000117', '2024-09-09'),
  (118, 18, 1, 'PF-000118', '2024-10-10'),
  (119, 19, 1, 'PF-000119', '2024-11-11'),
  (120, 20, 3, 'PF-000120', '2024-12-12'),
  (121, 21, 1, 'PF-000121', '2024-01-13'),
  (122, 22, 1, 'PF-000122', '2024-02-14'),
  (123, 23, 1, 'PF-000123', '2024-03-15'),
  (124, 24, 1, 'PF-000124', '2024-04-16'),
  (125, 25, 1, 'PF-000125', '2024-05-17'),
  (126, 26, 1, 'PF-000126', '2024-06-18'),
  (127, 27, 2, 'PF-000127', '2024-07-19'),
  (128, 28, 1, 'PF-000128', '2024-08-20'),
  (129, 29, 1, 'PF-000129', '2024-09-21'),
  (130, 30, 3, 'PF-000130', '2024-10-22'),
  (131, 31, 1, 'PF-000131', '2024-11-23'),
  (132, 32, 1, 'PF-000132', '2024-12-24'),
  (133, 33, 1, 'PF-000133', '2024-01-25'),
  (134, 34, 1, 'PF-000134', '2024-02-26'),
  (135, 35, 1, 'PF-000135', '2024-03-27'),
  (136, 36, 1, 'PF-000136', '2024-04-01'),
  (137, 37, 2, 'PF-000137', '2024-05-02'),
  (138, 38, 1, 'PF-000138', '2024-06-03'),
  (139, 39, 1, 'PF-000139', '2024-07-04'),
  (140, 40, 3, 'PF-000140', '2024-08-05'),
  (141, 41, 1, 'PF-000141', '2024-09-06'),
  (142, 42, 1, 'PF-000142', '2024-10-07'),
  (143, 43, 1, 'PF-000143', '2024-11-08'),
  (144, 44, 1, 'PF-000144', '2024-12-09'),
  (145, 45, 1, 'PF-000145', '2024-01-10'),
  (146, 46, 1, 'PF-000146', '2024-02-11'),
  (147, 47, 2, 'PF-000147', '2024-03-12'),
  (148, 48, 1, 'PF-000148', '2024-04-13'),
  (149, 49, 1, 'PF-000149', '2024-05-14'),
  (150, 50, 3, 'PF-000150', '2024-06-15');

-- cuenta
INSERT INTO cuenta (id_producto, tipo_cuenta, saldo_actual, moneda) VALUES
  (1, 'ahorro', 174500, 'COP'),
  (2, 'corriente', 199000, 'COP'),
  (3, 'ahorro', 223500, 'COP'),
  (4, 'corriente', 248000, 'COP'),
  (5, 'ahorro', 272500, 'COP'),
  (6, 'corriente', 297000, 'COP'),
  (7, 'ahorro', 314500, 'COP'),
  (8, 'corriente', 339000, 'COP'),
  (9, 'ahorro', 363500, 'COP'),
  (10, 'corriente', 388000, 'COP'),
  (11, 'ahorro', 412500, 'COP'),
  (12, 'corriente', 437000, 'COP'),
  (13, 'ahorro', 461500, 'COP'),
  (14, 'corriente', 479000, 'COP'),
  (15, 'ahorro', 503500, 'COP'),
  (16, 'corriente', 528000, 'COP'),
  (17, 'ahorro', 552500, 'COP'),
  (18, 'corriente', 577000, 'COP'),
  (19, 'ahorro', 601500, 'COP'),
  (20, 'corriente', 626000, 'COP'),
  (21, 'ahorro', 643500, 'COP'),
  (22, 'corriente', 668000, 'COP'),
  (23, 'ahorro', 692500, 'COP'),
  (24, 'corriente', 717000, 'COP'),
  (25, 'ahorro', 741500, 'COP'),
  (26, 'corriente', 766000, 'COP'),
  (27, 'ahorro', 790500, 'COP'),
  (28, 'corriente', 808000, 'COP'),
  (29, 'ahorro', 832500, 'COP'),
  (30, 'corriente', 857000, 'COP'),
  (31, 'ahorro', 881500, 'COP'),
  (32, 'corriente', 906000, 'COP'),
  (33, 'ahorro', 930500, 'COP'),
  (34, 'corriente', 955000, 'COP'),
  (35, 'ahorro', 972500, 'COP'),
  (36, 'corriente', 997000, 'COP'),
  (37, 'ahorro', 1021500, 'COP'),
  (38, 'corriente', 1046000, 'COP'),
  (39, 'ahorro', 1070500, 'COP'),
  (40, 'corriente', 1095000, 'COP'),
  (41, 'ahorro', 1119500, 'COP'),
  (42, 'corriente', 1137000, 'COP'),
  (43, 'ahorro', 1161500, 'COP'),
  (44, 'corriente', 1186000, 'COP'),
  (45, 'ahorro', 1210500, 'COP'),
  (46, 'corriente', 1235000, 'COP'),
  (47, 'ahorro', 1259500, 'COP'),
  (48, 'corriente', 1284000, 'COP'),
  (49, 'ahorro', 1301500, 'COP'),
  (50, 'corriente', 1326000, 'COP');

-- tarjeta
INSERT INTO tarjeta (id_producto, tipo_tarjeta, numero_enmascarado, fecha_vencimiento, cupo) VALUES
  (51, 'debito', 'ZYZ4onHSeuBKEsLGh83lygUBh6DN5amHLLqwkatz5VM=', '2027-02-28', 1050000),
(52, 'credito', 'cZy/ewD7PArV9ujVZtxfgwUBh6DN5amHLLqwkatz5VM=', '2028-03-28', 1100000),
(53, 'debito', 'lAtSeKZaOxEKhZhhHiFO8AUBh6DN5amHLLqwkatz5VM=', '2029-04-28', 1150000),
(54, 'credito', 'zUHnKeVVvOAibN5peNihJgUBh6DN5amHLLqwkatz5VM=', '2027-05-28', 1200000),
(55, 'debito', 'oymupeDXCQZ87m9nbkAMwwUBh6DN5amHLLqwkatz5VM=', '2028-06-28', 1250000),
(56, 'credito', 'dL4/87+9kRFK9PZN8xS4zQUBh6DN5amHLLqwkatz5VM=', '2029-07-28', 1300000),
(57, 'debito', 'T8bxtJJSoyFTGm6zNMU9awUBh6DN5amHLLqwkatz5VM=', '2027-08-28', 1350000),
(58, 'credito', 'MGHLySLq6BBVTLO3CeKA6AUBh6DN5amHLLqwkatz5VM=', '2028-09-28', 1400000),
(59, 'debito', '32+3deq3YPWsVvV6nFlbDgUBh6DN5amHLLqwkatz5VM=', '2029-10-28', 1450000),
(60, 'credito', 'xQkKsWOPO5bzkKtMlwSvVAUBh6DN5amHLLqwkatz5VM=', '2027-11-28', 1500000),
(61, 'debito', 'JGFgAH3rY97+eoXA8PceIAUBh6DN5amHLLqwkatz5VM=', '2028-12-28', 1550000),
(62, 'credito', 'Fas/b5UunMVRgENgSZVJywUBh6DN5amHLLqwkatz5VM=', '2029-01-28', 1600000),
(63, 'debito', 'OIHVjdpdz6WJsrZL3HNhFgUBh6DN5amHLLqwkatz5VM=', '2027-02-28', 1650000),
(64, 'credito', '7Q4lb7RZV8E+0EmtTAa/jQUBh6DN5amHLLqwkatz5VM=', '2028-03-28', 1700000),
(65, 'debito', 'E9X7kSVf6KwzB+RnQDenJwUBh6DN5amHLLqwkatz5VM=', '2029-04-28', 1750000),
(66, 'credito', '1BrEVFNImWSSpXSORVxtUwUBh6DN5amHLLqwkatz5VM=', '2027-05-28', 1800000),
(67, 'debito', 'u651vSvTGYBYRGVkEm4nsQUBh6DN5amHLLqwkatz5VM=', '2028-06-28', 1850000),
(68, 'credito', 'DlTX+tiWNjz4/zyNABtdmwUBh6DN5amHLLqwkatz5VM=', '2029-07-28', 1900000),
(69, 'debito', 'AP54ISeKJv17IGkEbaaWngUBh6DN5amHLLqwkatz5VM=', '2027-08-28', 1950000),
(70, 'credito', 'Ne24M1MLZCf+cdwRBkeFbAUBh6DN5amHLLqwkatz5VM=', '2028-09-28', 2000000),
(71, 'debito', '/OzInIJoc0SudRmhYMJiQQUBh6DN5amHLLqwkatz5VM=', '2029-10-28', 2050000),
(72, 'credito', 'o1WmsWflkbUJfE7u3imAsQUBh6DN5amHLLqwkatz5VM=', '2027-11-28', 2100000),
(73, 'debito', 'LxbEiC3/DfbZWyeICKHwLQUBh6DN5amHLLqwkatz5VM=', '2028-12-28', 2150000),
(74, 'credito', 'K4QddQZzX7PyG+4YJuS49gUBh6DN5amHLLqwkatz5VM=', '2029-01-28', 2200000),
(75, 'debito', '3b9aQMZaJ/gHxyxju7yR5QUBh6DN5amHLLqwkatz5VM=', '2027-02-28', 2250000),
(76, 'credito', 'Xhtg/ZQDw05mi2IjTADbVQUBh6DN5amHLLqwkatz5VM=', '2028-03-28', 2300000),
(77, 'debito', 'COh2+bfD7X9yvSBlILZADwUBh6DN5amHLLqwkatz5VM=', '2029-04-28', 2350000),
(78, 'credito', 'nk580IaA5cru5qQDQFvQkgUBh6DN5amHLLqwkatz5VM=', '2027-05-28', 2400000),
(79, 'debito', '8xvgikSVuwVrjRdNjiKIiwUBh6DN5amHLLqwkatz5VM=', '2028-06-28', 2450000),
(80, 'credito', 's27NFYKNvbUWtxc8gXyPMwUBh6DN5amHLLqwkatz5VM=', '2029-07-28', 2500000),
(81, 'debito', 'I9sePWjALKUXDTdrmpxClgUBh6DN5amHLLqwkatz5VM=', '2027-08-28', 2550000),
(82, 'credito', 'WC4pibcRr7R8Kk5uzF5rfwUBh6DN5amHLLqwkatz5VM=', '2028-09-28', 2600000),
(83, 'debito', 'wUjx7qTUdOyu0iBtsYSg+gUBh6DN5amHLLqwkatz5VM=', '2029-10-28', 2650000),
(84, 'credito', 'LhyzWzK7gjPDTR2Lzk8rdgUBh6DN5amHLLqwkatz5VM=', '2027-11-28', 2700000),
(85, 'debito', '6DvYi46K9XInpBn7hjqTkQUBh6DN5amHLLqwkatz5VM=', '2028-12-28', 2750000),
(86, 'credito', 'm7oieW4Rx4zwQnDf2O8bYAUBh6DN5amHLLqwkatz5VM=', '2029-01-28', 2800000),
(87, 'debito', '4mLFHK+BqBLZPhjDjCflKwUBh6DN5amHLLqwkatz5VM=', '2027-02-28', 2850000),
(88, 'credito', 'PUjtK7LBIzANqkPvlw6HWwUBh6DN5amHLLqwkatz5VM=', '2028-03-28', 2900000),
(89, 'debito', 'rw94oW01mK1ehIwcO6SEWgUBh6DN5amHLLqwkatz5VM=', '2029-04-28', 2950000),
(90, 'credito', 'FfW/6hvJT/ABFgjxZW2ZiAUBh6DN5amHLLqwkatz5VM=', '2027-05-28', 3000000),
(91, 'debito', 'oTI25qBw4p2vKx1eRCcFWAUBh6DN5amHLLqwkatz5VM=', '2028-06-28', 3050000),
(92, 'credito', 'Ps2DXJMvbah4efQFCXfWCwUBh6DN5amHLLqwkatz5VM=', '2029-07-28', 3100000),
(90, 'credito', 'FfW/6hvJT/ABFgjxZW2ZiAUBh6DN5amHLLqwkatz5VM=', '2027-05-28', 3000000),
(91, 'debito', 'oTI25qBw4p2vKx1eRCcFWAUBh6DN5amHLLqwkatz5VM=', '2028-06-28', 3050000),
(90, 'credito', 'FfW/6hvJT/ABFgjxZW2ZiAUBh6DN5amHLLqwkatz5VM=', '2027-05-28', 3000000),
(91, 'debito', 'oTI25qBw4p2vKx1eRCcFWAUBh6DN5amHLLqwkatz5VM=', '2028-06-28', 3050000),
(92, 'credito', 'Ps2DXJMvbah4efQFCXfWCwUBh6DN5amHLLqwkatz5VM=', '2029-07-28', 3100000),
(90, 'credito', 'FfW/6hvJT/ABFgjxZW2ZiAUBh6DN5amHLLqwkatz5VM=', '2027-05-28', 3000000),
(91, 'debito', 'oTI25qBw4p2vKx1eRCcFWAUBh6DN5amHLLqwkatz5VM=', '2028-06-28', 3050000),
(92, 'credito', 'Ps2DXJMvbah4efQFCXfWCwUBh6DN5amHLLqwkatz5VM=', '2029-07-28', 3100000),
(90, 'credito', 'FfW/6hvJT/ABFgjxZW2ZiAUBh6DN5amHLLqwkatz5VM=', '2027-05-28', 3000000),
(91, 'debito', 'oTI25qBw4p2vKx1eRCcFWAUBh6DN5amHLLqwkatz5VM=', '2028-06-28', 3050000),
(90, 'credito', 'FfW/6hvJT/ABFgjxZW2ZiAUBh6DN5amHLLqwkatz5VM=', '2027-05-28', 3000000),
(90, 'credito', 'FfW/6hvJT/ABFgjxZW2ZiAUBh6DN5amHLLqwkatz5VM=', '2027-05-28', 3000000),
(90, 'credito', 'FfW/6hvJT/ABFgjxZW2ZiAUBh6DN5amHLLqwkatz5VM=', '2027-05-28', 3000000),
(90, 'credito', 'FfW/6hvJT/ABFgjxZW2ZiAUBh6DN5amHLLqwkatz5VM=', '2027-05-28', 3000000),
(90, 'credito', 'FfW/6hvJT/ABFgjxZW2ZiAUBh6DN5amHLLqwkatz5VM=', '2027-05-28', 3000000),
(91, 'debito', 'oTI25qBw4p2vKx1eRCcFWAUBh6DN5amHLLqwkatz5VM=', '2028-06-28', 3050000),
(92, 'credito', 'Ps2DXJMvbah4efQFCXfWCwUBh6DN5amHLLqwkatz5VM=', '2029-07-28', 3100000),
(93, 'debito', 'jR4b8orQrwSWu7+ubXInxQUBh6DN5amHLLqwkatz5VM=', '2027-08-28', 3150000),
(94, 'credito', 'xRBBHedYVnandXJtAUA2VAUBh6DN5amHLLqwkatz5VM=', '2028-09-28', 3200000),
(95, 'debito', 'iTchFFdeXGVcK/GQDOJrGAUBh6DN5amHLLqwkatz5VM=', '2029-10-28', 3250000),
(96, 'credito', 'qYMSPWCLK2MxR0UTPVPd5QUBh6DN5amHLLqwkatz5VM=', '2027-11-28', 3300000),
(97, 'debito', 'OmffX/GoyZuYzBRgwIUJ8wUBh6DN5amHLLqwkatz5VM=', '2028-12-28', 3350000),
(98, 'credito', 'x6EqX+7SwhQc1WAbkFh7RQUBh6DN5amHLLqwkatz5VM=', '2029-01-28', 3400000),
(99, 'debito', 'MWMCc3rStbMh0nFIvDiThAUBh6DN5amHLLqwkatz5VM=', '2027-02-28', 3450000),
(100, 'credito', 'Fqy9BBvBsO0d4vsiEWbswQUBh6DN5amHLLqwkatz5VM=', '2028-03-28', 3500000);

-- credito
INSERT INTO credito (id_producto, tipo_credito, monto_aprobado, saldo_pendiente, tasa_interes, fecha_desembolso) VAES
  (101, 'consumo', 5250000, 3567743.02, 12.5, '2023-02-02'),
  (102, 'libre_inversion', 5500000, 4158895.81, 15.8, '2024-03-03'),
  (103, 'vehiculo', 5750000, 2112596.31, 12.5, '2023-04-04'),
  (104, 'hipotecario', 6000000, 4245147.69, 24.9, '2024-05-05'),
  (105, 'educativo', 6250000, 1657525.78, 21.0, '2023-06-06'),
  (106, 'consumo', 6500000, 1454940.56, 12.5, '2024-07-07'),
  (107, 'libre_inversion', 6750000, 2456854.75, 24.9, '2023-08-08'),
  (108, 'vehiculo', 7000000, 4560598.33, 24.9, '2024-09-09'),
  (109, 'hipotecario', 7250000, 2531179.73, 24.9, '2023-10-10'),
  (110, 'educativo', 7500000, 3859798.99, 21.0, '2024-11-11'),
  (111, 'consumo', 7750000, 4975106.79, 12.5, '2023-12-12'),
  (112, 'libre_inversion', 8000000, 6152844.2, 15.8, '2024-01-13'),
  (113, 'vehiculo', 8250000, 5969737.51, 18.2, '2023-02-14'),
  (114, 'hipotecario', 8500000, 3471429.8, 15.8, '2024-03-15'),
  (115, 'educativo', 8750000, 8031710.79, 18.2, '2023-04-16'),
  (116, 'consumo', 9000000, 2489919.37, 21.0, '2024-05-17'),
  (117, 'libre_inversion', 9250000, 2520969.86, 18.2, '2023-06-18'),
  (118, 'vehiculo', 9500000, 6201547.97, 12.5, '2024-07-19'),
  (119, 'hipotecario', 9750000, 7286163.69, 24.9, '2023-08-20'),
  (120, 'educativo', 10000000, 2936196.22, 21.0, '2024-09-21'),
  (121, 'consumo', 10250000, 2655776.52, 18.2, '2023-10-22'),
  (122, 'libre_inversion', 10500000, 8631561.73, 24.9, '2024-11-23'),
  (123, 'vehiculo', 10750000, 9288954.72, 18.2, '2023-12-24'),
  (124, 'hipotecario', 11000000, 6963155.2, 12.5, '2024-01-25'),
  (125, 'educativo', 11250000, 2636643.24, 15.8, '2023-02-26'),
  (126, 'consumo', 11500000, 8967714.44, 12.5, '2024-03-27'),
  (127, 'libre_inversion', 11750000, 9887487.42, 12.5, '2023-04-01'),
  (128, 'vehiculo', 12000000, 5821136.03, 21.0, '2024-05-02'),
  (129, 'hipotecario', 12250000, 8290350.83, 18.2, '2023-06-03'),
  (130, 'educativo', 12500000, 4024882.16, 18.2, '2024-07-04'),
  (131, 'consumo', 12750000, 4553410.98, 18.2, '2023-08-05'),
  (132, 'libre_inversion', 13000000, 9442748.06, 12.5, '2024-09-06'),
  (133, 'vehiculo', 13250000, 8703239.37, 15.8, '2023-10-07'),
  (134, 'hipotecario', 13500000, 8108166.25, 15.8, '2024-11-08'),
  (135, 'educativo', 13750000, 4435088.22, 21.0, '2023-12-09'),
  (136, 'consumo', 14000000, 5634452.18, 24.9, '2024-01-10'),
  (137, 'libre_inversion', 14250000, 5197137.17, 18.2, '2023-02-11'),
  (138, 'vehiculo', 14500000, 12066014.63, 12.5, '2024-03-12'),
  (139, 'hipotecario', 14750000, 5483844.3, 12.5, '2023-04-13'),
  (140, 'educativo', 15000000, 12056765.26, 21.0, '2024-05-14'),
  (141, 'consumo', 15250000, 6112286.27, 15.8, '2023-06-15'),
  (142, 'libre_inversion', 15500000, 13715207.44, 24.9, '2024-07-16'),
  (143, 'vehiculo', 15750000, 13502092.59, 18.2, '2023-08-17'),
  (144, 'hipotecario', 16000000, 5751518.53, 21.0, '2024-09-18'),
  (145, 'educativo', 16250000, 8071763.79, 21.0, '2023-10-19'),
  (146, 'consumo', 16500000, 5068035.93, 15.8, '2024-11-20'),
  (147, 'libre_inversion', 16750000, 6448258.07, 24.9, '2023-12-21'),
  (148, 'vehiculo', 17000000, 10271960.44, 24.9, '2024-01-22'),
  (149, 'hipotecario', 17250000, 8992862.64, 24.9, '2023-02-23'),
  (150, 'educativo', 17500000, 8742131.63, 15.8, '2024-03-24');

-- transaccion
INSERT INTO transaccion (id_transaccion, id_cliente, id_producto_origen, id_producto_destino, id_estado_transaccion, id_canal, id_transaccion_original, tipo_transaccion, monto, fecha_hora, motivo, es_fallida) VALUES
  (1, 1, NULL, 1, 2, 2, NULL, 'deposito', 68234, '2025-01-01 11:01:00', 'Consignacion en cuenta', false),
  (2, 2, NULL, 2, 3, 3, NULL, 'deposito', 86468, '2025-01-01 14:02:00', 'Consignacion en cuenta', false),
  (3, 3, NULL, 3, 4, 4, NULL, 'deposito', 104702, '2025-01-01 17:03:00', 'Consignacion en cuenta', false),
  (4, 4, NULL, 4, 1, 1, NULL, 'deposito', 122936, '2025-01-01 20:04:00', 'Consignacion en cuenta', false),
  (5, 5, NULL, 5, 2, 2, NULL, 'deposito', 141170, '2025-01-01 23:05:00', 'Consignacion en cuenta', false),
  (6, 6, NULL, 6, 3, 3, NULL, 'deposito', 159404, '2025-01-02 02:06:00', 'Consignacion en cuenta', false),
  (7, 7, NULL, 7, 4, 4, NULL, 'deposito', 177638, '2025-01-02 05:07:00', 'Consignacion en cuenta', false),
  (8, 8, NULL, 8, 1, 1, NULL, 'deposito', 195872, '2025-01-02 08:08:00', 'Consignacion en cuenta', true),
  (9, 9, NULL, 9, 2, 2, NULL, 'deposito', 203000, '2025-01-02 11:09:00', 'Consignacion en cuenta', false),
  (10, 10, NULL, 10, 3, 3, NULL, 'deposito', 221234, '2025-01-02 14:10:00', 'Consignacion en cuenta', false),
  (11, 1, 1, NULL, 4, 4, NULL, 'retiro', 239468, '2025-01-02 17:11:00', 'Retiro de efectivo', false),
  (12, 2, 2, NULL, 1, 1, NULL, 'retiro', 257702, '2025-01-02 20:12:00', 'Retiro de efectivo', false),
  (13, 3, 3, NULL, 2, 2, NULL, 'retiro', 275936, '2025-01-02 23:13:00', 'Retiro de efectivo', false),
  (14, 4, 4, NULL, 3, 3, NULL, 'retiro', 294170, '2025-01-03 02:14:00', 'Retiro de efectivo', false),
  (15, 5, 5, NULL, 4, 4, NULL, 'retiro', 312404, '2025-01-03 05:15:00', 'Retiro de efectivo', false),
  (16, 6, 6, NULL, 1, 1, NULL, 'retiro', 330638, '2025-01-03 08:16:00', 'Retiro de efectivo', false),
  (17, 7, 7, NULL, 2, 2, NULL, 'retiro', 348872, '2025-01-03 11:17:00', 'Retiro de efectivo', false),
  (18, 8, 8, NULL, 3, 3, NULL, 'retiro', 356000, '2025-01-03 14:18:00', 'Retiro de efectivo', true),
  (19, 9, 9, NULL, 4, 4, NULL, 'retiro', 374234, '2025-01-03 17:19:00', 'Retiro de efectivo', false),
  (20, 10, 10, NULL, 1, 1, NULL, 'retiro', 392468, '2025-01-03 20:20:00', 'Retiro de efectivo', false),
  (21, 1, 1, 6, 2, 2, NULL, 'transferencia', 410702, '2025-01-03 23:21:00', 'Transferencia entre cuentas', false),
  (22, 2, 2, 7, 3, 3, NULL, 'transferencia', 428936, '2025-01-04 02:22:00', 'Transferencia entre cuentas', false),
  (23, 3, 3, 8, 4, 4, NULL, 'transferencia', 447170, '2025-01-04 05:23:00', 'Transferencia entre cuentas', false),
  (24, 4, 4, 9, 1, 1, NULL, 'transferencia', 465404, '2025-01-04 08:24:00', 'Transferencia entre cuentas', false),
  (25, 5, 5, 10, 2, 2, NULL, 'transferencia', 483638, '2025-01-04 11:25:00', 'Transferencia entre cuentas', false),
  (26, 6, 6, 11, 3, 3, NULL, 'transferencia', 501872, '2025-01-04 14:26:00', 'Transferencia entre cuentas', false),
  (27, 7, 7, 12, 4, 4, NULL, 'transferencia', 509000, '2025-01-04 17:27:00', 'Transferencia entre cuentas', true),
  (28, 8, 8, 13, 1, 1, NULL, 'transferencia', 527234, '2025-01-04 20:28:00', 'Transferencia entre cuentas', false),
  (29, 9, 9, 14, 2, 2, NULL, 'transferencia', 545468, '2025-01-04 23:29:00', 'Transferencia entre cuentas', false),
  (30, 10, 10, 15, 3, 3, NULL, 'transferencia', 563702, '2025-01-05 02:30:00', 'Transferencia entre cuentas', false),
  (31, 1, 51, NULL, 4, 4, NULL, 'compra_tarjeta', 581936, '2025-01-05 05:31:00', 'Compra en comercio', false),
  (32, 2, 52, NULL, 1, 1, NULL, 'compra_tarjeta', 600170, '2025-01-05 08:32:00', 'Compra en comercio', false),
  (33, 3, 53, NULL, 2, 2, NULL, 'compra_tarjeta', 618404, '2025-01-05 11:33:00', 'Compra en comercio', false),
  (34, 4, 54, NULL, 3, 3, NULL, 'compra_tarjeta', 636638, '2025-01-05 14:34:00', 'Compra en comercio', true),
  (35, 5, 55, NULL, 4, 4, NULL, 'compra_tarjeta', 654872, '2025-01-05 17:35:00', 'Compra en comercio', false),
  (36, 6, 56, NULL, 1, 1, NULL, 'compra_tarjeta', 662000, '2025-01-05 20:36:00', 'Compra en comercio', false),
  (37, 7, 57, NULL, 2, 2, NULL, 'compra_tarjeta', 680234, '2025-01-05 23:37:00', 'Compra en comercio', false),
  (38, 8, 58, NULL, 3, 3, NULL, 'compra_tarjeta', 698468, '2025-01-06 02:38:00', 'Compra en comercio', false),
  (39, 9, 59, NULL, 4, 4, NULL, 'compra_tarjeta', 716702, '2025-01-06 05:39:00', 'Compra en comercio', true),
  (40, 10, 60, NULL, 1, 1, NULL, 'compra_tarjeta', 734936, '2025-01-06 08:40:00', 'Compra en comercio', false),
  (41, 1, 1, 101, 2, 2, NULL, 'pago', 753170, '2025-01-06 11:41:00', 'Pago de credito', false),
  (42, 2, 2, 102, 3, 3, NULL, 'pago', 771404, '2025-01-06 14:42:00', 'Pago de credito', false),
  (43, 3, 3, 103, 4, 4, NULL, 'pago', 789638, '2025-01-06 17:43:00', 'Pago de credito', false),
  (44, 4, 4, 104, 1, 1, NULL, 'pago', 807872, '2025-01-06 20:44:00', 'Pago de credito', true),
  (45, 5, 5, 105, 2, 2, NULL, 'pago', 815000, '2025-01-06 23:45:00', 'Pago de credito', false),
  (46, 1, 1, NULL, 3, 3, 36, 'anulacion', 833234, '2025-01-07 02:46:00', 'Anulacion operativa', false),
  (47, 2, 2, NULL, 4, 4, 37, 'reverso', 851468, '2025-01-07 05:47:00', 'Reverso por reclamo', false),
  (48, 3, 3, NULL, 1, 1, 38, 'anulacion', 869702, '2025-01-07 08:48:00', 'Anulacion operativa', false),
  (49, 4, 4, NULL, 2, 2, 39, 'reverso', 887936, '2025-01-07 11:49:00', 'Reverso por reclamo', true),
  (50, 5, 5, NULL, 3, 3, 40, 'anulacion', 906170, '2025-01-07 14:50:00', 'Anulacion operativa', false);

-- alerta_fraude
INSERT INTO alerta_fraude (id_alerta, id_regla, id_estado_alerta, fecha_hora, tipo_alerta, severidad, descripcion) VALUES
  (1, 1, 2, '2025-01-02 11:00:00', 'frecuencia', 'media', 'Alerta generada por frecuencia sobre comportamiento sospechoso #1'),
  (2, 2, 3, '2025-01-02 13:00:00', 'intentos_fallidos', 'alta', 'Alerta generada por intentos_fallidos sobre comportamiento sospechoso #2'),
  (3, 3, 1, '2025-01-02 15:00:00', 'canal_inusual', 'critica', 'Alerta generada por canal_inusual sobre comportamiento sospechoso #3'),
  (4, 4, 2, '2025-01-02 17:00:00', 'multiples_destinos', 'baja', 'Alerta generada por multiples_destinos sobre comportamiento sospechoso #4'),
  (5, 5, 3, '2025-01-02 19:00:00', 'monto_umbral', 'media', 'Alerta generada por monto_umbral sobre comportamiento sospechoso #5'),
  (6, 6, 1, '2025-01-02 21:00:00', 'frecuencia', 'alta', 'Alerta generada por frecuencia sobre comportamiento sospechoso #6'),
  (7, 7, 2, '2025-01-02 23:00:00', 'intentos_fallidos', 'critica', 'Alerta generada por intentos_fallidos sobre comportamiento sospechoso #7'),
  (8, 8, 3, '2025-01-03 01:00:00', 'canal_inusual', 'baja', 'Alerta generada por canal_inusual sobre comportamiento sospechoso #8'),
  (9, 9, 1, '2025-01-03 03:00:00', 'multiples_destinos', 'media', 'Alerta generada por multiples_destinos sobre comportamiento sospechoso #9'),
  (10, 10, 2, '2025-01-03 05:00:00', 'monto_umbral', 'alta', 'Alerta generada por monto_umbral sobre comportamiento sospechoso #10'),
  (11, 11, 3, '2025-01-03 07:00:00', 'frecuencia', 'critica', 'Alerta generada por frecuencia sobre comportamiento sospechoso #11'),
  (12, 12, 1, '2025-01-03 09:00:00', 'intentos_fallidos', 'baja', 'Alerta generada por intentos_fallidos sobre comportamiento sospechoso #12'),
  (13, 13, 2, '2025-01-03 11:00:00', 'canal_inusual', 'media', 'Alerta generada por canal_inusual sobre comportamiento sospechoso #13'),
  (14, 14, 3, '2025-01-03 13:00:00', 'multiples_destinos', 'alta', 'Alerta generada por multiples_destinos sobre comportamiento sospechoso #14'),
  (15, 15, 1, '2025-01-03 15:00:00', 'monto_umbral', 'critica', 'Alerta generada por monto_umbral sobre comportamiento sospechoso #15'),
  (16, 16, 2, '2025-01-03 17:00:00', 'frecuencia', 'baja', 'Alerta generada por frecuencia sobre comportamiento sospechoso #16'),
  (17, 17, 3, '2025-01-03 19:00:00', 'intentos_fallidos', 'media', 'Alerta generada por intentos_fallidos sobre comportamiento sospechoso #17'),
  (18, 18, 1, '2025-01-03 21:00:00', 'canal_inusual', 'alta', 'Alerta generada por canal_inusual sobre comportamiento sospechoso #18'),
  (19, 19, 2, '2025-01-03 23:00:00', 'multiples_destinos', 'critica', 'Alerta generada por multiples_destinos sobre comportamiento sospechoso #19'),
  (20, 20, 3, '2025-01-04 01:00:00', 'monto_umbral', 'baja', 'Alerta generada por monto_umbral sobre comportamiento sospechoso #20'),
  (21, 21, 1, '2025-01-04 03:00:00', 'frecuencia', 'media', 'Alerta generada por frecuencia sobre comportamiento sospechoso #21'),
  (22, 22, 2, '2025-01-04 05:00:00', 'intentos_fallidos', 'alta', 'Alerta generada por intentos_fallidos sobre comportamiento sospechoso #22'),
  (23, 23, 3, '2025-01-04 07:00:00', 'canal_inusual', 'critica', 'Alerta generada por canal_inusual sobre comportamiento sospechoso #23'),
  (24, 24, 1, '2025-01-04 09:00:00', 'multiples_destinos', 'baja', 'Alerta generada por multiples_destinos sobre comportamiento sospechoso #24'),
  (25, 25, 2, '2025-01-04 11:00:00', 'monto_umbral', 'media', 'Alerta generada por monto_umbral sobre comportamiento sospechoso #25'),
  (26, 26, 3, '2025-01-04 13:00:00', 'frecuencia', 'alta', 'Alerta generada por frecuencia sobre comportamiento sospechoso #26'),
  (27, 27, 1, '2025-01-04 15:00:00', 'intentos_fallidos', 'critica', 'Alerta generada por intentos_fallidos sobre comportamiento sospechoso #27'),
  (28, 28, 2, '2025-01-04 17:00:00', 'canal_inusual', 'baja', 'Alerta generada por canal_inusual sobre comportamiento sospechoso #28'),
  (29, 29, 3, '2025-01-04 19:00:00', 'multiples_destinos', 'media', 'Alerta generada por multiples_destinos sobre comportamiento sospechoso #29'),
  (30, 30, 1, '2025-01-04 21:00:00', 'monto_umbral', 'alta', 'Alerta generada por monto_umbral sobre comportamiento sospechoso #30'),
  (31, 31, 2, '2025-01-04 23:00:00', 'frecuencia', 'critica', 'Alerta generada por frecuencia sobre comportamiento sospechoso #31'),
  (32, 32, 3, '2025-01-05 01:00:00', 'intentos_fallidos', 'baja', 'Alerta generada por intentos_fallidos sobre comportamiento sospechoso #32'),
  (33, 33, 1, '2025-01-05 03:00:00', 'canal_inusual', 'media', 'Alerta generada por canal_inusual sobre comportamiento sospechoso #33'),
  (34, 34, 2, '2025-01-05 05:00:00', 'multiples_destinos', 'alta', 'Alerta generada por multiples_destinos sobre comportamiento sospechoso #34'),
  (35, 35, 3, '2025-01-05 07:00:00', 'monto_umbral', 'critica', 'Alerta generada por monto_umbral sobre comportamiento sospechoso #35'),
  (36, 36, 1, '2025-01-05 09:00:00', 'frecuencia', 'baja', 'Alerta generada por frecuencia sobre comportamiento sospechoso #36'),
  (37, 37, 2, '2025-01-05 11:00:00', 'intentos_fallidos', 'media', 'Alerta generada por intentos_fallidos sobre comportamiento sospechoso #37'),
  (38, 38, 3, '2025-01-05 13:00:00', 'canal_inusual', 'alta', 'Alerta generada por canal_inusual sobre comportamiento sospechoso #38'),
  (39, 39, 1, '2025-01-05 15:00:00', 'multiples_destinos', 'critica', 'Alerta generada por multiples_destinos sobre comportamiento sospechoso #39'),
  (40, 40, 2, '2025-01-05 17:00:00', 'monto_umbral', 'baja', 'Alerta generada por monto_umbral sobre comportamiento sospechoso #40'),
  (41, 41, 3, '2025-01-05 19:00:00', 'frecuencia', 'media', 'Alerta generada por frecuencia sobre comportamiento sospechoso #41'),
  (42, 42, 1, '2025-01-05 21:00:00', 'intentos_fallidos', 'alta', 'Alerta generada por intentos_fallidos sobre comportamiento sospechoso #42'),
  (43, 43, 2, '2025-01-05 23:00:00', 'canal_inusual', 'critica', 'Alerta generada por canal_inusual sobre comportamiento sospechoso #43'),
  (44, 44, 3, '2025-01-06 01:00:00', 'multiples_destinos', 'baja', 'Alerta generada por multiples_destinos sobre comportamiento sospechoso #44'),
  (45, 45, 1, '2025-01-06 03:00:00', 'monto_umbral', 'media', 'Alerta generada por monto_umbral sobre comportamiento sospechoso #45'),
  (46, 46, 2, '2025-01-06 05:00:00', 'frecuencia', 'alta', 'Alerta generada por frecuencia sobre comportamiento sospechoso #46'),
  (47, 47, 3, '2025-01-06 07:00:00', 'intentos_fallidos', 'critica', 'Alerta generada por intentos_fallidos sobre comportamiento sospechoso #47'),
  (48, 48, 1, '2025-01-06 09:00:00', 'canal_inusual', 'baja', 'Alerta generada por canal_inusual sobre comportamiento sospechoso #48'),
  (49, 49, 2, '2025-01-06 11:00:00', 'multiples_destinos', 'media', 'Alerta generada por multiples_destinos sobre comportamiento sospechoso #49'),
  (50, 50, 3, '2025-01-06 13:00:00', 'monto_umbral', 'alta', 'Alerta generada por monto_umbral sobre comportamiento sospechoso #50');

-- alerta_transaccion
INSERT INTO alerta_transaccion (id_alerta, id_transaccion, fecha_asociacion) VALUES
  (1, 1, '2025-01-02 11:00:00'),
  (2, 2, '2025-01-02 12:00:00'),
  (3, 3, '2025-01-02 13:00:00'),
  (4, 4, '2025-01-02 14:00:00'),
  (5, 5, '2025-01-02 15:00:00'),
  (6, 6, '2025-01-02 16:00:00'),
  (7, 7, '2025-01-02 17:00:00'),
  (8, 8, '2025-01-02 18:00:00'),
  (9, 9, '2025-01-02 19:00:00'),
  (10, 10, '2025-01-02 20:00:00'),
  (11, 11, '2025-01-02 21:00:00'),
  (12, 12, '2025-01-02 22:00:00'),
  (13, 13, '2025-01-02 23:00:00'),
  (14, 14, '2025-01-03 00:00:00'),
  (15, 15, '2025-01-03 01:00:00'),
  (16, 16, '2025-01-03 02:00:00'),
  (17, 17, '2025-01-03 03:00:00'),
  (18, 18, '2025-01-03 04:00:00'),
  (19, 19, '2025-01-03 05:00:00'),
  (20, 20, '2025-01-03 06:00:00'),
  (21, 21, '2025-01-03 07:00:00'),
  (22, 22, '2025-01-03 08:00:00'),
  (23, 23, '2025-01-03 09:00:00'),
  (24, 24, '2025-01-03 10:00:00'),
  (25, 25, '2025-01-03 11:00:00'),
  (26, 26, '2025-01-03 12:00:00'),
  (27, 27, '2025-01-03 13:00:00'),
  (28, 28, '2025-01-03 14:00:00'),
  (29, 29, '2025-01-03 15:00:00'),
  (30, 30, '2025-01-03 16:00:00'),
  (31, 31, '2025-01-03 17:00:00'),
  (32, 32, '2025-01-03 18:00:00'),
  (33, 33, '2025-01-03 19:00:00'),
  (34, 34, '2025-01-03 20:00:00'),
  (35, 35, '2025-01-03 21:00:00'),
  (36, 36, '2025-01-03 22:00:00'),
  (37, 37, '2025-01-03 23:00:00'),
  (38, 38, '2025-01-04 00:00:00'),
  (39, 39, '2025-01-04 01:00:00'),
  (40, 40, '2025-01-04 02:00:00'),
  (41, 41, '2025-01-04 03:00:00'),
  (42, 42, '2025-01-04 04:00:00'),
  (43, 43, '2025-01-04 05:00:00'),
  (44, 44, '2025-01-04 06:00:00'),
  (45, 45, '2025-01-04 07:00:00'),
  (46, 46, '2025-01-04 08:00:00'),
  (47, 47, '2025-01-04 09:00:00'),
  (48, 48, '2025-01-04 10:00:00'),
  (49, 49, '2025-01-04 11:00:00'),
  (50, 50, '2025-01-04 12:00:00');

-- evento_auditoria
INSERT INTO evento_auditoria (id_evento, id_cliente, id_empleado, id_canal, id_producto, id_transaccion, id_alerta, tipo_responsable, accion, fecha_hora, motivo) VALUES
  (1, NULL, 1, 2, 1, NULL, NULL, 'empleado', 'desbloqueo_producto', '2025-01-03 08:35:00', 'Evento sobre estado de producto financiero'),
  (2, 2, NULL, 3, 2, NULL, NULL, 'cliente', 'cambio_estado_producto', '2025-01-03 09:40:00', 'Evento sobre estado de producto financiero'),
  (3, NULL, NULL, 4, 3, NULL, NULL, 'sistema', 'bloqueo_producto', '2025-01-03 10:45:00', 'Evento sobre estado de producto financiero'),
  (4, NULL, 4, 1, 4, NULL, NULL, 'empleado', 'desbloqueo_producto', '2025-01-03 11:50:00', 'Evento sobre estado de producto financiero'),
  (5, 5, NULL, 2, 5, NULL, NULL, 'cliente', 'cambio_estado_producto', '2025-01-03 12:55:00', 'Evento sobre estado de producto financiero'),
  (6, NULL, NULL, 3, 6, NULL, NULL, 'sistema', 'bloqueo_producto', '2025-01-03 14:00:00', 'Evento sobre estado de producto financiero'),
  (7, NULL, 7, 4, 7, NULL, NULL, 'empleado', 'desbloqueo_producto', '2025-01-03 15:05:00', 'Evento sobre estado de producto financiero'),
  (8, 8, NULL, 1, 8, NULL, NULL, 'cliente', 'cambio_estado_producto', '2025-01-03 16:10:00', 'Evento sobre estado de producto financiero'),
  (9, NULL, NULL, 2, 9, NULL, NULL, 'sistema', 'bloqueo_producto', '2025-01-03 17:15:00', 'Evento sobre estado de producto financiero'),
  (10, NULL, 10, 3, 10, NULL, NULL, 'empleado', 'desbloqueo_producto', '2025-01-03 18:20:00', 'Evento sobre estado de producto financiero'),
  (11, 11, NULL, 4, 11, NULL, NULL, 'cliente', 'cambio_estado_producto', '2025-01-03 19:25:00', 'Evento sobre estado de producto financiero'),
  (12, NULL, NULL, 1, 12, NULL, NULL, 'sistema', 'bloqueo_producto', '2025-01-03 20:30:00', 'Evento sobre estado de producto financiero'),
  (13, NULL, 13, 2, 13, NULL, NULL, 'empleado', 'desbloqueo_producto', '2025-01-03 21:35:00', 'Evento sobre estado de producto financiero'),
  (14, 14, NULL, 3, 14, NULL, NULL, 'cliente', 'cambio_estado_producto', '2025-01-03 22:40:00', 'Evento sobre estado de producto financiero'),
  (15, NULL, NULL, 4, 15, NULL, NULL, 'sistema', 'bloqueo_producto', '2025-01-03 23:45:00', 'Evento sobre estado de producto financiero'),
  (16, NULL, 16, 1, 16, NULL, NULL, 'empleado', 'desbloqueo_producto', '2025-01-04 00:50:00', 'Evento sobre estado de producto financiero'),
  (17, 17, NULL, 2, 17, NULL, NULL, 'cliente', 'cambio_estado_producto', '2025-01-04 01:55:00', 'Evento sobre estado de producto financiero'),
  (18, NULL, NULL, 3, 18, NULL, NULL, 'sistema', 'bloqueo_producto', '2025-01-04 03:00:00', 'Evento sobre estado de producto financiero'),
  (19, NULL, 19, 4, 19, NULL, NULL, 'empleado', 'desbloqueo_producto', '2025-01-04 04:05:00', 'Evento sobre estado de producto financiero'),
  (20, 20, NULL, 1, 20, NULL, NULL, 'cliente', 'cambio_estado_producto', '2025-01-04 05:10:00', 'Evento sobre estado de producto financiero'),
  (21, NULL, NULL, 2, NULL, 1, NULL, 'sistema', 'creacion_transaccion', '2025-01-04 06:15:00', 'Evento sobre procesamiento de transaccion'),
  (22, NULL, 22, 3, NULL, 2, NULL, 'empleado', 'validacion_transaccion', '2025-01-04 07:20:00', 'Evento sobre procesamiento de transaccion'),
  (23, 3, NULL, 4, NULL, 3, NULL, 'cliente', 'reverso_transaccion', '2025-01-04 08:25:00', 'Evento sobre procesamiento de transaccion'),
  (24, NULL, NULL, 1, NULL, 4, NULL, 'sistema', 'creacion_transaccion', '2025-01-04 09:30:00', 'Evento sobre procesamiento de transaccion'),
  (25, NULL, 25, 2, NULL, 5, NULL, 'empleado', 'validacion_transaccion', '2025-01-04 10:35:00', 'Evento sobre procesamiento de transaccion'),
  (26, 6, NULL, 3, NULL, 6, NULL, 'cliente', 'reverso_transaccion', '2025-01-04 11:40:00', 'Evento sobre procesamiento de transaccion'),
  (27, NULL, NULL, 4, NULL, 7, NULL, 'sistema', 'creacion_transaccion', '2025-01-04 12:45:00', 'Evento sobre procesamiento de transaccion'),
  (28, NULL, 28, 1, NULL, 8, NULL, 'empleado', 'validacion_transaccion', '2025-01-04 13:50:00', 'Evento sobre procesamiento de transaccion'),
  (29, 9, NULL, 2, NULL, 9, NULL, 'cliente', 'reverso_transaccion', '2025-01-04 14:55:00', 'Evento sobre procesamiento de transaccion'),
  (30, NULL, NULL, 3, NULL, 10, NULL, 'sistema', 'creacion_transaccion', '2025-01-04 16:00:00', 'Evento sobre procesamiento de transaccion'),
  (31, NULL, 31, 4, NULL, 11, NULL, 'empleado', 'validacion_transaccion', '2025-01-04 17:05:00', 'Evento sobre procesamiento de transaccion'),
  (32, 12, NULL, 1, NULL, 12, NULL, 'cliente', 'reverso_transaccion', '2025-01-04 18:10:00', 'Evento sobre procesamiento de transaccion'),
  (33, NULL, NULL, 2, NULL, 13, NULL, 'sistema', 'creacion_transaccion', '2025-01-04 19:15:00', 'Evento sobre procesamiento de transaccion'),
  (34, NULL, 34, 3, NULL, 14, NULL, 'empleado', 'validacion_transaccion', '2025-01-04 20:20:00', 'Evento sobre procesamiento de transaccion'),
  (35, 15, NULL, 4, NULL, 15, NULL, 'cliente', 'reverso_transaccion', '2025-01-04 21:25:00', 'Evento sobre procesamiento de transaccion'),
  (36, NULL, NULL, 1, NULL, NULL, 1, 'sistema', 'apertura_alerta', '2025-01-04 22:30:00', 'Evento asociado a gestion de alerta'),
  (37, NULL, 37, 2, NULL, NULL, 2, 'empleado', 'revision_alerta', '2025-01-04 23:35:00', 'Evento asociado a gestion de alerta'),
  (38, 38, NULL, 3, NULL, NULL, 3, 'cliente', 'cierre_alerta', '2025-01-05 00:40:00', 'Evento asociado a gestion de alerta'),
  (39, NULL, NULL, 4, NULL, NULL, 4, 'sistema', 'apertura_alerta', '2025-01-05 01:45:00', 'Evento asociado a gestion de alerta'),
  (40, NULL, 40, 1, NULL, NULL, 5, 'empleado', 'revision_alerta', '2025-01-05 02:50:00', 'Evento asociado a gestion de alerta'),
  (41, 41, NULL, 2, NULL, NULL, 6, 'cliente', 'cierre_alerta', '2025-01-05 03:55:00', 'Evento asociado a gestion de alerta'),
  (42, NULL, NULL, 3, NULL, NULL, 7, 'sistema', 'apertura_alerta', '2025-01-05 05:00:00', 'Evento asociado a gestion de alerta'),
  (43, NULL, 43, 4, NULL, NULL, 8, 'empleado', 'revision_alerta', '2025-01-05 06:05:00', 'Evento asociado a gestion de alerta'),
  (44, 44, NULL, 1, NULL, NULL, 9, 'cliente', 'cierre_alerta', '2025-01-05 07:10:00', 'Evento asociado a gestion de alerta'),
  (45, NULL, NULL, 2, NULL, NULL, 10, 'sistema', 'apertura_alerta', '2025-01-05 08:15:00', 'Evento asociado a gestion de alerta'),
  (46, NULL, 46, 3, NULL, NULL, 11, 'empleado', 'revision_alerta', '2025-01-05 09:20:00', 'Evento asociado a gestion de alerta'),
  (47, 47, NULL, 4, NULL, NULL, 12, 'cliente', 'cierre_alerta', '2025-01-05 10:25:00', 'Evento asociado a gestion de alerta'),
  (48, NULL, NULL, 1, NULL, NULL, 13, 'sistema', 'apertura_alerta', '2025-01-05 11:30:00', 'Evento asociado a gestion de alerta'),
  (49, NULL, 49, 2, NULL, NULL, 14, 'empleado', 'revision_alerta', '2025-01-05 12:35:00', 'Evento asociado a gestion de alerta'),
  (50, 50, NULL, 3, NULL, NULL, 15, 'cliente', 'cierre_alerta', '2025-01-05 13:40:00', 'Evento asociado a gestion de alerta');
